1ae3b36715d2,252
l7,36
...,3276
superseded,36
some,3024
hope,216
tool.,216
travel,216
few,216
connected,216
randomly,216
"first,",252
command),252
import,252
routing,72
rolls,216
plane,72
assigning,36
tampered,36
hub,36
kubernetes,1116
mirroring,72
cpu,36
7,432
port,252
statussecuritylegalcontact,288
blue-green,36
ready,36
you.,216
—,216
used,684
session,504
pause,504
documentation,288
even,468
"deploy,",72
seconds),216
daemon:,252
(dockerd),252
15,36
whether,216
did,216
highly,72
available.,36
2016,648
management,468
hit,216
joined,36
"ucp,",36
2012,216
x,216
ps,504
logout,252
daemon,252
server,108
scanning,36
debug,36
android,216
within,36
coordinates,864
set,1476
cli.,252
-ti,504
could,216
apps,360
google's,216
sarah,216
reading,288
agent,216
"promotion,",36
installs,36
(@sarahjeong),216
/root,504
forums,288
rights,288
workloads,288
who,36
showing,216
pictures,432
3,468
not,1872
deployment,72
mix,216
session.,756
programs,432
show,216
will,2520
"secure,",36
monitoring,36
"volumes,",36
productforums.google.com,216
"gambling,",216
today.,216
touch,252
copyright,288
"(ucp),",36
"automatically,",36
https://54.200.115.43:6443,36
"17,",216
"from,",216
"hey,",216
"williston,",216
container,5184
process,252
twitter,288
(docker,36
votes,216
by,684
kubedns,36
using,612
access,360
phone,216
new,1224
you,1512
deploy,396
based,72
nodeid:,36
stuff,216
-u,252
ui,36
ldap,36
"kubectl,",36
helps?,216
don't,216
2017,432
opening,216
"13,",216
‎free,216
8,216
variable,756
page,936
ldap/ad,36
newly,36
registries,36
4.4,216
allocate,288
"infrastructure,",36
own,36
controller,36
graphical,36
more,648
will.,252
rm,252
press,288
community,864
scholarships,288
"commands,",36
collection,36
generate,216
quoted,252
deploys,36
bundle,36
allow,36
there,216
fine,216
2013,216
-e,504
remain,36
doesn't,216
can,1080
16,468
news,576
orchestrators.,36
deployed,36
"dice,",216
was,252
(base,252
*,3780
export,252
security,144
mixed,36
"systems,",36
privileges,252
rmi,252
allowing,36
0,36
their,216
·,216
-d,504
for,2988
restarted,252
1),252
produces,72
clusterid:,36
how,216
handy,216
(location,216
!,216
productforums.google.com/d/topic/chrome/oau_qcdefla,216
description,1512
ubuntu_bash,2016
valid,252
system,252
provides,36
ingress,36
"manage,",72
--rm,252
ubuntu,252
restart,252
filter,216
top,252
promotion,36
scale.,36
"12,",216
-it,1008
diverse,36
enforced,36
safe,36
upgrade,36
generator,2376
conformance,36
worth,216
selected,216
api,540
"deployments,",36
one,252
place.,36
"firewall,",36
surface,216
links,216
in,4212
workdir,252
response,252
validating,36
verifying,36
"docker,",36
"ee,",72
jun,216
tabs,216
browser,216
"18,",216
attacks,216
sh,252
open-source,36
shorthand,252
login,252
inventories,36
"14,",216
"nodes,",36
they,684
suspicious,216
blues,432
(clis),252
5,684
physical,36
manager:,36
person,216
--privileged,252
with,2520
cp,252
programming,252
tls.,36
duckduckgo,216
"pseudo-random,",216
helpsend,216
options,504
"client,",36
comes,216
device,216
machine,288
building,36
includes,72
count,36
pane,36
protecting,216
random.org,648
uploaded,216
rate,288
ee),36
geographic,432
"name,",252
1.35+,252
gradients.,216
content,72
aren’t,36
dice,216
be,1440
same,468
moderator,216
model,36
already,252
load,288
2018,504
"scalable,",36
provisioning,36
signing-policy,36
keeps,432
days,216
balancing,36
containers:,36
events,540
manager,36
services.,72
..,216
remember.,216
manualsglossaryreferencesamples,288
created,252
17,288
enterprise-grade,36
injecting,36
"yes,",216
inside,504
volume,252
both,144
your,1296
policies,72
diagnose,36
instead,216
fine-grained,36
…,36
should,252
create,1296
partners,288
role-based,216
"addition,",36
docker,25236
parent,504
edit,288
software,324
ensure,36
keeping,36
may,1080
ads,432
[options],252
seconds,504
rename,252
careers,288
cncf,36
contest,216
visit,216
numbers,432
website/unwanted,216
fun,216
managers,36
–,216
longer,216
(pid,252
nodes,144
formula.,216
source,288
youtube,288
"scanning,",36
master,36
chrome,432
orchestrating,36
versions,36
requests,36
planet's,216
me,216
gilles,216
variables,252
-t,504
cloud.,36
enforce,36
‎95,216
specifications,252
next,288
spam,216
136,252
network,252
(docker-machine),252
control,648
applies,36
enable:,36
lifecycle,36
easier,36
other,216
scam,216
guidesproduct,288
controllers,36
(0.38,216
having,216
predictable,216
mathematical,216
past,216
6,216
exec,5040
<name|uid>[:<group|gid>]),252
when,288
names,252
logs,252
secured,36
built-in,108
active,36
detaching,252
"paused,",504
wait,252
(apis),252
accepting,36
"problems,",36
go,72
clicking,216
during,216
after,216
--name,252
images,432
compose,324
glass,36
ocpv7el0uz8g9q7dmw8ay4yps,36
command-line,288
interfaces,504
stable,252
"enforcement,",36
resolving,36
enable,36
dump'.,36
is,3852
between,324
de,216
doc,432
sequence,252
on,3420
orchestrator,72
user,684
check,36
but,900
bash,2268
nodeselector,36
"reality,",216
--env,252
$var,252
reserved.,288
without,36
managed,36
blue/nick,216
thus,216
hiding,216
cooperq@eff.org.,216
detached,252
"available,",36
trust,288
edition,792
z,180
monitor,144
sep,432
invites,216
people,216
uid,252
23,36
installing,216
error:,252
use,1224
different,36
applications.,72
with.,36
can’t,36
stopped:,36
results.,432
https://play.google.com/store/apps/details?id=com.foxbytes.prettyrandom&hl...,216
click.,216
directive,252
into,468
stats,252
cloud,360
any,216
real,216
gov't,216
request,288
multi-tenant,36
ui.,36
kubectl,72
expect,216
rating:,216
williston,216
history,468
track,216
everyone,216
view,216
app,324
"multi-tenancy,",36
avoiding,216
drawings.,216
it,1476
support,684
data,36
minutes,288
runs,756
its,720
adsense:,216
status,288
cli,1728
slideshare,288
full,36
podsecuritypolicy,36
"b\"",504
pwd,504
"linux,",36
nodes.,36
only,756
pod-based,36
have,36
38,36
"2,",216
-,4320
searches,216
linkedin,288
chain,108
mongeau,216
(caas),36
emphasizes,216
attached,252
https://www.theatlantic.com/technology/...someone...a-random-google.../525279/,216
managers:,36
"thankfully,",216
"27,",216
"now,",216
extended,756
"\"echo",504
resources,324
secure,252
private,36
long,216
forward,216
automatically,252
user-agent,216
"dockerfile,",252
-c,252
ls,252
customers,288
built,216
"up,",216
while,252
/,252
checkpoint,252
running:,36
just,648
file,504
193,252
receive,216
note,252
reference,252
answers,648
"lotto,",216
"(e.g.,",216
the,10800
current,504
github,288
across,144
similar,72
find,216
tylpv1kxjtgoik2jnrg8pvkg6,36
uses,216
posts,864
https://www.youtube.com/watch?v=_pbyjgjtij4,216
together,36
17.06,36
mode:,252
"next,",756
include:,36
https://duckduckgo.com/,216
(and,216
there's,216
formats,252
certificates,36
override,252
multi-architecture,36
ee:,36
"15,",216
looking,216
generated,216
y,216
"work,",252
high,108
virtual,72
my,1296
underlying,252
ports,252
ee,1008
randome,432
separate,216
precise,216
on-premises,72
onto,36
computing,36
personalized,216
save,252
reddit,288
choice.,36
"controllers,",36
"29,",216
pistas,216
select,252
from,1440
edge,252
enforcement,36
"autoscaling,",36
rejecting,36
registry,72
"purposes,",216
cluster,360
interface.,36
output,72
shell,252
environments.,36
https://chrome.google.com/webstore/.../random.../einpaelgookohagofgnnkcfjbkkgepn...,216
hostname,36
them,216
references,252
make,72
what,1008
control.,36
swarm:,36
maps.,216
destinations.,216
video,216
background.,252
inspect,252
tag,252
knowledge,288
helps,36
admission,108
further,36
"10,",216
www.mapcrunch.com/,216
places,216
interactive,252
up,720
(ha),36
bubble,216
0:41,216
period,216
list,216
--tty,252
"control,",36
searchers',216
i,864
oct,216
fata[0000],252
dtr,252
like,108
vt,216
single,72
provided,36
platforms,72
backup,36
chained,252
fail,252
availability,108
self-healing,36
clusters,36
"tool,",36
you're,648
pops,432
getting,216
1.25+,252
--user,252
(format:,252
and,4356
error,252
privilege,36
usual,36
winner,216
&&,504
schedule,72
"know,",36
do,216
command,5076
restarted.,252
client,36
exciting,432
kinds,216
container’s,252
build,252
feature,72
"cluster,",108
every,36
promotions,36
need,432
website,648
‎chrome,216
agent.,216
training,288
deploying,36
are,720
platform-wide,36
random,7776
homepage,216
rotating,216
"containers,",36
components,72
where,324
engineer,216
9,432
reasons,216
jul,216
part,432
container.,1260
created.,252
2.0,72
location,648
applications,252
integrates,108
automating,36
https://54.200.115.43:6443/api/v1/namespaces/kube-system/services/kube-dns:dns/proxy,36
architecture,72
accounts,36
nov,216
of,1476
update,252
store,540
through,36
continue,36
weird,216
1,540
orchestration,180
docs,1080
blog,288
enables,108
mechanism,36
experience,216
search,1836
custom,252
systems,144
authentication,72
no,216
estimated,288
ubuntu_bash.,252
several,216
solution,36
signing/scanning,36
notes,36
coordinates.,216
didn't,216
docker.,36
escalation,36
examples,504
following:,72
"orchestration,",36
mapcrunch,216
someone,216
"also,",36
computer,216
jeong,216
an,1224
ago,252
config,252
pricing,288
"features,",36
join,36
https://www.random.org/,216
atlantic,216
time:,288
diff,252
service,468
usage,576
including,72
key,252
instead.,252
paused,504
(docker-compose),252
features,180
networking,36
paused:,36
found,432
16youtube,216
widespread,216
10,216
plane:,36
development,36
at,324
--detach,252
ubuntu:latest,252
install,36
pod,36
projects,36
https://9to5google.com/.../how-to-use-generate-random-number-google-homepage-an...,216
teleport,216
time,216
manifest,252
images.,36
signing,72
thousands,36
random▶,216
change,216
try,540
before,252
commit,252
get,324
©,288
tasks,36
way,648
that,1584
swarm,684
drivers,252
fully,36
2015,864
phishing,432
communication,36
clusters.,36
"example,",36
apr,216
node,324
&,504
"default,",36
"4,",216
running,1584
",",1512
--detach-keys,252
changes,324
increase,36
won’t,36
results,1080
would,216
run,2520
$?,252
page:,576
inc.,288
web,288
enhanced,36
functionality,36
cluster-info,72
protect,216
lottery,648
home,216
stdin,252
--workdir,252
enterprise,504
policies.,36
"masters,",36
whatsoever,216
dec,432
4,216
-w,504
platform,288
"integration,",36
namespace,36
standard,108
version:,36
www.quora.com,216
working,756
var=1,252
“1”.,252
all,864
so,180
"api,",72
globe.,216
"\"bash\"",252
(docker),252
attach,252
application,252
communicating,36
images:,36
malware,216
a,11052
if,1656
government,288
"registries,",36
certified,36
authorizing,36
worker,36
tools,72
cluster-info:,36
most,216
"3,",648
primary,252
echo,756
available,36
centralized,144
"(rbac),",36
release,36
,12236
universal,72
workloads.,72
as,1296
pick,432
base,540
this,3024
$,2520
named,252
exposes,72
"7,060,000",216
https://www.quora.com/is-there-an-app-that-would-google-some-random-stuff-in-the-b...,216
clues,432
play,216
containers-as-a-service,36
define,36
right,432
journalist,216
specified,468
my_container,504
learn,540
privacy,216
affecting,216
cases,288
"ubuntu_bash,",252
about,576
push,252
stack,288
"requires,",36
prevention,36
mac,36
work.,252
know,252
2017.,216
has,504
unpause,504
info,324
plugin,252
https://www.random.org/geographic-coordinates/,216
simple,216
default,792
environment,1008
then,252
id,288
suddenly,216
"running,",252
line,252
products,36
point,216
usa,216
open,756
give,252
image,900
trusted,72
number,2376
username,252
product,288
interlock,36
added,216
credits,432
things.,216
/tmp/execworks,504
interoperability,36
engine,288
wonderful,216
adds,216
example:,252
test,1260
kill,252
ucp,324
"2016,",36
ibm,108
time).,216
journalists),216
-i,504
or,1548
"executable,",252
execute,756
supply,180
"picker,",216
to,5004
many,252
directly,36
mesh,36
extends,36
true,684
pseudo-tty,252
(paused),252
disparate,36
2,900
"one,",216
automates,36
behind,36
"north,",216
ucp’s,36
place,36
networks.,36
joining,216
directory,1260
started,252
"pods,",36
also,72
facebook,288
supported,144
"chain,",72
randomness,216
share,432
pretty,432
feedbackprivacyterms,216
keep,288
resources.,36
supports,36
storage,36
means,216
offers,216
--interactive,252
secret,252
version,252
manage,216
decrease,36
authenticating,36
via,72
"dtr,",36
[arg...],252
background,252
start,1188
stop,252
captains,288
google,4824
"cloud,",36
'kubectl,36
history),216
pull,252
compliance,252
"orchestrators,",36
which,324
machines,36
windows,72
installation,36
fashion,216
beautiful,216
ux,216
datacenter,288
trust.,36
street,216
friends.,216
related,216
